labID,age,error,depth,cc
Cs_1,-12.947628458498002,1.3606525612819105,22.5,0
