labID,age,error,depth,cc
Cs_1,-14.923913043478478,49.98472710973221,22.5,0
