labID,age,error,depth,cc
Cs_1,10.400000000000091,31.52332469775358,42,0
