labID,age,error,depth,cc
Cs_1,-12.959230769230771,1.2004444443226754,26.698500000000003,0
