labID,age,error,depth,cc
Cs_1,-12.959230769230771,1.2004444443226754,51,0
