labID,age,error,depth,cc
Cs_1,-12.535714285714448,4.020832231856295,7.5,0
