labID,age,error,depth,cc
Cs_1,-11.775000000000091,6.365286717815611,9,0
