labID,age,error,depth,cc
Cs_1,-11.909090909090992,6.298366572977717,10,0
