labID,depth(cm),density(g/cm^3),210Pb(Bq/kg),sd(210Pb),interval
1,2,0.301078711,83.52255823827234,28.604107353856303,2
2,4,0.361288795,61.3263344265234,21.00253022124211,2
3,6,0.354922597,66.21987454528059,22.67842892274037,2
4,8,0.258411039,53.84058336487139,18.438872791342884,2
5,10,0.57567404,27.66529288319488,9.47457817742188,2
6,12,0.52341463,21.028168664926632,7.201551372871363,2
