labID,age,error,depth,cc
Cs_1,-12.873809523809541,2.1128270565343885,29,0
