labID,age,error,depth,cc
Cs_1,-12.952898550724512,1.2781196176625915,23.5,0
