labID,age,error,depth,cc
Cs_1,-12.638795986621972,3.406173494483275,49,0
