labID,depth(cm),density(g/cm^3),210Pb(Bq/kg),sd(210Pb),interval
1,4,0.312764221,58.68263240746967,20.097137259631793,2
2,6,0.392978312,45.51419066961728,15.58731944397094,2
3,8,0.257590507,38.247377897489024,13.098642168768858,2
4,10,0.386329173,41.477392813987336,14.204830668916337,2
5,12,0.439861822,32.67364856211631,11.18979795191053,2
6,16,0.477691184,20.48766034805595,7.016442604084435,2
