labID,age,error,depth,cc
Cs_1,-12.859890109890102,2.184097034818982,13.5,0
