labID,age,error,depth,cc
Cs_1,-12.833333333333712,2.4056261216234187,12.5,0
