labID,age,error,depth,cc
Cs_1,-12.935526315789502,1.451732058449187,39,0
