labID,age,error,depth,cc
Cs_1,-12.694444444444343,3.3518390627953196,9.9465,0
