labID,age,error,depth,cc
Cs_1,-35.942857142857065,0.9567518746570868,29,0
Cs_2,-12.931286549707693,1.467853973860731,37,0
