labID,age,error,depth,cc
Cs_1,-35.40000000000009,3.117691453623966,18,0
Cs_2,-12.821969696969518,2.3640743977045062,46,0
