labID,age,error,depth,cc
Cs_1,-12.64632107023408,3.3352115466815517,49,0
