labID,age,error,depth,cc
Cs_1,-12.902573529411711,1.8562235676702916,33,0
