labID,age,error,depth,cc
Cs_1,-12.955833333333658,1.2494822075711618,49,0
