labID,age,error,depth,cc
Cs_1,-7.599999999999909,13.50999629903723,13,0
