labID,age,error,depth,cc
Cs_1,-12.200000000000045,5.080682368868681,33,0
