labID,age,error,depth,cc
Cs_1,-12.58035714285711,3.634213748024002,22.5,0
