labID,age,error,depth,cc
Cs_1,-12.659442724457904,3.539175024753782,18,0
