labID,age,error,depth,cc
Cs_1,-12.345238095238074,4.9143505056022025,13,0
