labID,age,error,depth,cc
Cs_1,-12.631944444444343,3.612448559304541,17,0
