labID,age,error,depth,cc
Cs_1,-12.966133004926405,1.1145277671856504,29.526,0
