labID,age,error,depth,cc
Cs_1,-12.618055555555657,3.748767372863188,17,0
