labID,age,error,depth,cc
Cs_1,-5.038277511961496,17.237634831307453,30,0
