labID,age,error,depth,cc
Cs_1,-11.853365384615245,6.399428103926372,18.85,0
