labID,age,error,depth,cc
Cs_1,-11.083333333333712,7.746116111627457,21,0
