labID,age,error,depth,cc
Cs_1,-12.930263157894842,1.5702407979144737,39,0
