labID,age,error,depth,cc
Cs_1,-7.597402597402379,14.036359791207568,18,0
