labID,age,error,depth,cc
Cs_1,-12.526785714285552,4.098155928622818,15,0
