labID,age,error,depth,cc
Cs_1,-12.888095238095275,1.8736390878701827,14.5,0
