labID,age,error,depth,cc
Cs_1,-12.678018575851183,3.3461291143125784,18,0
