labID,age,error,depth,cc
Cs_1,-9.978571428571286,9.8850613946252,17,0
