labID,age,error,depth,cc
Cs_1,-12.876190476190459,2.072962395090398,14.5,0
