labID,age,error,depth,cc
Cs_1,2.204678362573077,24.579590407605163,28,0
