labID,age,error,depth,cc
Cs_1,-12.889583333333121,1.976221858913648,31,0
