labID,age,error,depth,cc
Cs_1,-12.711111111111222,3.1690114775519733,19,0
