labID,age,error,depth,cc
Cs_1,-12.821969696969518,2.3640743977045062,11.5,0
