labID,age,error,depth,cc
Cs_1,-8.666666666666288,12.50925583244187,50,0
