labID,age,error,depth,cc
Cs_1,-12.673611111111086,3.203492118628534,25.5,0
