labID,age,error,depth,cc
Cs_1,-12.938157894736833,1.392477688716511,39,0
