labID,age,error,depth,cc
Cs_1,-12.90625,1.7861773953054048,16.5,0
