labID,age,error,depth,cc
Cs_1,-12.377941176470358,4.429465227003325,37,0
