labID,age,error,depth,cc
Cs_1,-12.928362573099548,1.5303158450888583,37,0
