labID,age,error,depth,cc
Cs_1,-7.7349999999999,13.847746206513182,41,0
