labID,age,error,depth,cc
Cs_1,-12.961538461538339,1.176906317963473,28.302,0
