labID,age,error,depth,cc
Cs_1,-12.416666666666288,4.3782395413546835,13,0
