labID,age,error,depth,cc
Cs_1,-7.8250000000000455,12.947079786577332,13,0
