labID,age,error,depth,cc
Cs_1,-12.51785714285711,4.1754796253892765,15,0
