labID,age,error,depth,cc
Cs_1,-12.60714285714289,3.4022426577245612,15,0
