labID,age,error,depth,cc
Cs_1,-11.825000000000045,6.105479096680319,9,0
