labID,age,error,depth,cc
Cs_1,-12.85714285714289,2.2269224668742895,13.5,0
