labID,age,error,depth,cc
Cs_1,56.41666666666629,62.9792918641017,5.5,0
