labID,age,error,depth,cc
Cs_1,-11.041666666666288,7.914509940141142,7,0
