labID,age,error,depth,cc
Cs_1,-12.931578947368507,1.54061361304807,19.5,0
