labID,age,error,depth,cc
Cs_1,-12.849358974358893,2.1743159176211835,37.5,0
