labID,age,error,depth,cc
Cs_1,-12.891666666666879,1.938934654028502,31,0
