labID,age,error,depth,cc
Cs_1,-12.951581027667999,1.2579618019398668,45,0
