labID,age,error,depth,cc
Cs_1,-12.858974358974365,2.0355297952198814,25,0
