labID,age,error,depth,cc
Cs_1,-12.954999999999927,1.2730573435631485,24.5,0
