labID,age,error,depth,cc
Cs_1,-12.93690476190477,1.4935501606536965,20.5,0
