labID,age,error,depth,cc
Cs_1,-35.765217391304304,1.942909166751163,21.5,0
Cs_2,-12.73888888888905,2.864298835479642,47.5,0
