labID,age,error,depth,cc
Cs_1,-8.5,12.99038105676658,2.8999999999999995,0
