labID,age,error,depth,cc
Cs_1,-12.895833333333712,1.8643602442581448,15.5,0
