labID,age,error,depth,cc
Cs_1,-12.116666666666788,5.609920115625815,14.864864864864863,0
