labID,age,error,depth,cc
Cs_1,-12.869047619047706,2.192556379422501,14.5,0
