labID,age,error,depth,cc
Cs_1,-12.680555555555657,3.1353327118492103,17,0
