labID,age,error,depth,cc
Cs_1,-35.83333333333371,1.6358257627039614,17,0
Cs_2,-12.786363636363603,2.590203253137101,21,0
