labID,age,error,depth,cc
Cs_1,-12.777272727272702,2.7004246681642425,21,0
