labID,age,error,depth,cc
Cs_1,-12.7590909090909,2.920867498218394,11.235,0
