labID,age,error,depth,cc
Cs_1,-12.806818181818016,2.5652722187857533,11.5,0
