labID,age,error,depth,cc
Cs_1,129.78017241379303,108.81310569101888,16.5,0
