labID,age,error,depth,cc
Cs_1,-12.659722222222399,3.339810932187181,17,0
