labID,age,error,depth,cc
Cs_1,-12.93452380952408,1.549910544074556,21.238,0
