labID,age,error,depth,cc
Cs_1,-26.520833333333258,132.7063649993571,8.5,0
