labID,age,error,depth,cc
Cs_1,-12.060098522167209,5.788291959875465,32,0
