labID,age,error,depth,cc
Cs_1,-12.833333333333712,2.213176031893587,23,0
