labID,age,error,depth,cc
Cs_1,-12.965608465608511,1.0920778901338082,27.5,0
