labID,age,error,depth,cc
Cs_1,-11.650000000000091,7.01480577065394,9,0
