labID,age,error,depth,cc
Cs_1,-12.70555555555552,3.2299540059664005,11.305,0
