labID,age,error,depth,cc
Cs_1,-12.380952380952294,4.646295023478411,13,0
