labID,age,error,depth,cc
Cs_1,-11.900000000000091,5.715767664977282,9,0
