labID,age,error,depth,cc
Cs_1,-10.028571428571695,10.29333051355218,18.99,0
