labID,age,error,depth,cc
Cs_1,-12.825757575757507,2.3137749424341783,23,0
