labID,age,error,depth,cc
Cs_1,-12.923976608187104,1.6240086519310497,18.5,0
