labID,age,error,depth,cc
Cs_1,-12.116666666666788,5.609920115625815,7.857142857142858,0
