labID,age,error,depth,cc
Cs_1,-1.744588744588782,20.794607098085233,32,0
