labID,age,error,depth,cc
Cs_1,-12.963624338624413,1.1550823837953763,28.2975,0
