labID,age,error,depth,cc
Cs_1,-12.915032679738488,1.716956682884173,35,0
