labID,age,error,depth,cc
Cs_1,-12.922514619883032,1.6552395875450476,37,0
