labID,age,error,depth,cc
Cs_1,-12.183333333333621,5.186529918220147,11,0
