labID,age,error,depth,cc
Cs_1,-12.919590643274887,1.7177014587732409,19.2955,0
