labID,age,error,depth,cc
Cs_1,-30,10.392304845413264,3,0
Cs_2,-12.888095238095275,1.8736390878701827,29,0
