labID,age,error,depth,cc
Cs_1,-12.216666666666697,4.974834819517279,33,0
