labID,age,error,depth,cc
Cs_1,-12.099999999999909,5.715767664977282,11,0
