labID,age,error,depth,cc
Cs_1,-12.763636363636351,2.865756790704889,11.13,0
