labID,age,error,depth,cc
Cs_1,-12.948616600790501,1.3349798714463663,22.5,0
