labID,age,error,depth,cc
Cs_1,-12.716666666666697,3.108068949137481,9.5,0
