labID,age,error,depth,cc
Cs_1,-12.854395604395222,2.269747898929531,27,0
