labID,age,error,depth,cc
Cs_1,-9.85714285714289,10.887176504718676,12,0
