labID,age,error,depth,cc
Cs_1,-12.150000000000091,5.398225016923014,5.5,0
