labID,depth(cm),density(g/cm^3),210Pb(Bq/kg),sd(210Pb),interval
1,2,0.170783864,74.9060414617985,40.47951412530217,2
2,4,0.213762773,82.86520129312217,44.78067483984767,2
3,6,0.300880652,47.13210925534467,25.470373886063868,2
4,8,0.627509037,30.79323599213114,16.640783666868025,2
5,10,0.889258793,21.891770422365592,11.830397291678524,2
