labID,age,error,depth,cc
Cs_1,-12.369047619047706,4.735646850853008,13.468,0
