labID,age,error,depth,cc
Cs_1,-12.963846153845907,1.064545073267385,51,0
