labID,age,error,depth,cc
Cs_1,-9.914285714285597,10.095381849830082,17,0
