labID,age,error,depth,cc
Cs_1,-12.083333333333712,5.821615214328748,11,0
