labID,age,error,depth,cc
Cs_1,-12.795454545454504,2.7161705845966724,13.064,0
