labID,age,error,depth,cc
Cs_1,-34,5.773502691896258,7.5,0
Cs_2,-11.825000000000045,6.105479096680319,13.5,0
