labID,age,error,depth,cc
Cs_1,-11.674999999999955,6.884901960086261,4.5,0
