labID,age,error,depth,cc
Cs_1,-61.674999999999955,252.92271917524528,4.5,0
