labID,age,error,depth,cc
Cs_1,5.530909090909063,27.511265190766736,36,0
