labID,depth(cm),density(g/cm^3),210Pb(Bq/kg),sd(210Pb),interval,226Ra(Bq/kg),sd(226Ra)
1,1,0.804,169.46000033892,13.1500000263,1,23.72833338079,1.79333333692
2,5,0.9342,149.47833363229,7.72833334879,2,13.95500002791,0.8533333350400001
3,11,0.4514,157.40500031481,6.673333346679999,2,10.28500002057,0.50500000101
4,17,0.4055,139.37500027875,9.91000001982,2,9.93833335321,0.72166666811
5,23,0.6694,134.39333360211998,7.09666668086,2,7.57500001515,0.44500000089
6,29,0.5833,59.52333345238,5.93500001187,2,8.59500001719,0.5133333343600001
7,35,0.7375,57.020000114039995,4.9833333433,2,7.36500001473,0.39000000078
8,37,0.3845,88.84166684434999,6.7516666801700005,2,11.13166668893,0.67166666801
9,39,0.3068,95.68666685803998,8.15333334964,2,13.511666693689998,0.92500000185
