labID,age,error,depth,cc
Cs_1,-12.902083333333621,1.7524986296027072,46.5,0
