labID,age,error,depth,cc
Cs_1,-11.626623376623684,6.6076613600436165,25,0
