labID,age,error,depth,cc
Cs_1,-12.900735294117567,1.8912466538528008,34.056,0
