labID,age,error,depth,cc
Cs_1,-12.35714285714289,4.8249986782276055,13,0
