labID,age,error,depth,cc
Cs_1,-12.873809523809541,2.1128270565343885,16.863500000000002,0
