labID,age,error,depth,cc
Cs_1,-12.91339869281046,1.749975080631894,20.348837209302353,0
