labID,age,error,depth,cc
Cs_1,-12.638888888888914,3.544289152525218,8.5,0
