labID,age,error,depth,cc
Cs_1,-12.97011494252888,1.017994612571124,30.385,0
