labID,age,error,depth,cc
Cs_1,-7.712500000000091,13.228538042807314,13,0
