labID,age,error,depth,cc
Cs_1,-12.786363636363603,2.590203253137101,31.5,0
