labID,age,error,depth,cc
Cs_1,-12.953557312252997,1.2066164222688454,45,0
