labID,age,error,depth,cc
Cs_1,-6.066666666666379,16.01184746552563,40,0
