labID,age,error,depth,cc
Cs_1,-35.40000000000009,3.117691453623966,13.5,0
Cs_2,-12.73888888888905,2.864298835479642,47.5,0
