labID,age,error,depth,cc
Cs_1,-12.962307692307604,1.1098448636191702,51,0
