labID,age,error,depth,cc
Cs_1,-35.40000000000009,3.117691453623966,13.5,0
Cs_2,-12.902083333333621,1.7524986296027072,31,0
