labID,age,error,depth,cc
Cs_1,-35.83333333333371,1.6358257627039614,17,0
Cs_2,-12.923202614379079,1.5518646941453065,35,0
