labID,age,error,depth,cc
Cs_1,-12.925438596491176,1.5927777163169858,18.5,0
