labID,age,error,depth,cc
Cs_1,-12.873626373626394,1.969969874542575,27,0
