labID,age,error,depth,cc
Cs_1,-12.904411764706083,1.821200481487848,17.374499999999998,0
