labID,age,error,depth,cc
Cs_1,-12.967364532019701,1.0739994847425036,28.5,0
