labID,age,error,depth,cc
Cs_1,-7.2625000000000455,14.354371067727044,13,0
