labID,age,error,depth,cc
Cs_1,-12.830128205127949,2.4518881624239186,15.625,0
