labID,age,error,depth,cc
Cs_1,-35.16923076923035,3.6772770991462145,11.5,0
