labID,age,error,depth,cc
Cs_1,-9.444444444444343,11.290405264152676,22,0
