labID,age,error,depth,cc
Cs_1,-12.97689075630251,0.92060683679606,35.8455,0
