labID,age,error,depth,cc
Cs_1,-35.64473684210566,2.392964931509664,17.5,0
